"","cls","x1","x2"
"1","0",0.200798102414258,0.678037607614255
"2","0",0.0166200885891303,1.57655790252605
"3","0",0.228724690747554,-0.559533749096873
"4","0",0.126378773351926,-0.0938137832920917
"5","0",0.600821288128829,-0.298394885112927
"6","0",0.108671721104004,0.847323793182463
"7","0",-0.045218249402319,-1.09318174372229
"8","0",-0.88425933284428,-1.14368629436276
"9","0",0.239859255172185,0.456277112712607
"10","0",-0.643454340877521,-0.0380449419150352
"11","0",0.534624904066819,-2.10997346640129
"12","0",-1.25159197084065,0.915076904079588
"13","0",0.159401731653732,1.33425405196709
"14","0",-0.954759161420869,0.91192963039455
"15","0",-0.62671829987178,0.162236637756133
"16","0",0.32428654024888,-0.522785238348325
"17","0",-0.765194533045271,0.571979097238673
"18","0",-0.508847052878103,-0.245815004002515
"19","0",-0.134044713568726,0.696155828482528
"20","0",-0.265418837599007,0.942685775983584
"21","0",-0.0365618547862055,1.23822977170559
"22","0",1.56520870471345,0.927832241502813
"23","0",-0.694608254312167,-0.587121214839437
"24","0",-0.543570760567529,0.284305083372807
"25","0",-0.192235483622964,-0.796620772302191
"26","0",0.663389698830418,-0.899812183341457
"27","0",0.15310023376212,-0.0916220235520023
"28","0",0.623099284588082,0.688791001883591
"29","0",-0.488797539742817,-0.262956504177447
"30","0",0.483765278108588,0.747220818625422
"31","0",-0.064062180951421,1.42350786502988
"32","0",-1.0105761066046,-1.1314726565606
"33","0",-1.01985091055287,-1.89387785425546
"34","0",-0.207771634702467,-0.678679896960405
"35","0",-0.503234486524155,0.616035887042754
"36","0",-0.167527629982771,-2.63686635052873
"37","0",-0.383644377037386,-0.515132114514073
"38","0",0.128235801983985,-0.568357298996591
"39","0",0.0240964384047796,-2.33062867398449
"40","0",0.567418296965095,-0.234965893241259
"41","0",-0.284418683735775,-0.811433022973403
"42","0",0.535831896547741,1.57334560296478
"43","0",-1.14552632631616,1.3678354559491
"44","0",-0.823795858101963,0.659435521013343
"45","0",0.114764046239103,0.733718971615956
"46","0",-1.30678486124287,0.228804930158014
"47","0",0.185521027047272,-2.18678890179518
"48","0",-0.314734385855405,-1.97095372656125
"49","0",0.0549030611118898,0.621745110548836
"50","0",0.352940909484188,-0.386380173722969
"51","0",0.2256308095495,0.670398546009084
"52","0",-0.150409850378331,0.590057629868433
"53","0",-0.41569378134049,-0.939556044580099
"54","0",-0.0484351963402637,-0.589162171254367
"55","0",-0.899989963616832,-0.773075777262973
"56","0",0.807211204318157,1.53805133820732
"57","0",-0.411595758441742,-0.929605660686512
"58","0",-0.724309614439818,1.75006863490417
"59","0",-0.127505337803586,1.13308906941093
"60","0",0.532338593387357,-1.87962862070377
"61","0",-0.234266326352187,0.0966554952122624
"62","0",0.105168218225609,-0.286866451166203
"63","0",-0.635348960447099,-1.94366890438858
"64","0",-0.222233395629422,0.824727287352128
"65","0",-0.23789401989859,0.0621708872068306
"66","0",0.375079338682302,-1.1526548640332
"67","0",0.421480524572266,-0.717886376417433
"68","0",-1.08264314086805,0.813528922310556
"69","0",0.407558655353441,2.16463072000145
"70","0",0.340091289683334,0.00860051342752667
"71","0",0.0867283654770946,-0.00985434262415624
"72","0",-0.200452739488693,0.462271421161756
"73","0",0.901842342455005,0.366748734690616
"74","0",-0.0190140745852054,0.716908433165565
"75","0",0.433138463769244,0.287532803760005
"76","0",-0.140141003282423,0.719180856653953
"77","0",-0.010284037265932,1.88140716731221
"78","0",0.402596692731826,1.71709516893358
"79","0",-0.14805360360708,0.816821982238059
"80","0",0.64909111941638,0.858747498217729
"81","0",-0.919488087042461,-0.200436652231546
"82","0",-0.899824050432403,-0.383313610963574
"83","0",0.116478491170568,-0.471548835284104
"84","0",-0.689378993843984,0.390514971686129
"85","0",0.638999622673134,0.352108177366419
"86","0",-0.204936749701419,1.6531528531418
"87","0",0.0778864430432931,0.114707193381726
"88","0",-0.148644940020052,-0.118229749895709
"89","0",0.0770693555592021,0.522736740375789
"90","0",-0.208833727887412,-2.13649866031105
"91","0",1.03713850631177,-1.51761233195359
"92","0",-0.512724711313699,1.10062803238907
"93","0",0.332441907852134,0.873418696365967
"94","0",0.769219605771608,0.423967346391136
"95","0",0.803114528892038,-0.600311163205545
"96","0",0.0967989315128224,1.05589753258327
"97","0",-0.639127665735922,1.18400814725537
"98","0",-1.12967874544473,0.727498315290714
"99","0",0.159393990858552,-2.11037297849685
"100","0",0.640751583531533,-0.455442501829212
"101","0",-0.490715060491958,0.355072876278561
"102","0",0.228315365469806,-1.91906159988803
"103","0",0.647326150433251,-1.40717356814752
"104","0",-0.45832330637132,0.939024581543186
"105","0",0.267909010161453,-0.273037400355196
"106","0",-0.224763157450016,0.680640858174101
"107","0",-0.042272559488673,-1.04215833196494
"108","0",-0.10970827088282,-1.1997002348034
"109","0",0.283741127712134,-0.261188858241262
"110","0",-0.431146641354746,-2.25011387547239
"111","0",0.514403005698705,1.51069757367928
"112","0",-0.506090281644419,0.906007112288787
"113","0",-0.265984621461493,-0.242842429743941
"114","0",0.636668431564554,0.643851330929867
"115","0",-0.650182770346513,0.545565824485115
"116","0",0.508153851644373,0.104344528345426
"117","0",-0.162808193308223,0.708172493194216
"118","0",-0.368395950812953,0.771190798770422
"119","0",0.171110980815893,-1.54895673553975
"120","0",0.164788129640556,0.764630734348463
"121","0",-0.699326871171709,0.257284919777877
"122","0",-0.464331168770751,0.556353251944084
"123","0",0.348537636793168,-1.85550469317831
"124","0",-0.398801779538829,-0.780773751890162
"125","0",-0.233471019948214,-0.776898468074442
"126","0",0.00845146158340429,-0.727661676773731
"127","0",0.780457052678043,-0.589710720897278
"128","0",-0.00174621777963228,-0.520253164091384
"129","0",0.088506748797354,1.01735207787905
"130","0",0.200143197712219,0.801098258890467
"131","0",-0.275972545912586,2.88730881178638
"132","0",-0.548327034427934,-1.1194760185234
"133","0",-0.590780628090575,0.635318347137433
"134","0",0.33363379054343,-0.165349170776707
"135","0",0.636679374580787,0.468834520455862
"136","0",-0.109748446788342,1.78458436499721
"137","0",-0.0179678449651571,0.764318289025446
"138","0",0.0441735019828166,0.538253246341065
"139","0",-0.134356525035398,-0.449151240723074
"140","0",-0.104284307138318,-0.953307112415209
"141","0",-0.764433529075869,-1.29040668503098
"142","0",0.244310929022963,0.411478596450231
"143","0",0.244977266419638,0.484897200993879
"144","0",0.206817777574277,0.821223703887492
"145","0",0.452829204273444,-0.435688369570195
"146","0",-0.296454214277555,-0.324005022929537
"147","0",-0.855287500486654,-1.05024867470972
"148","0",-0.530884137720251,0.341926283994726
"149","0",-0.626489059045671,-2.11708956177693
"150","0",0.440596321480012,-0.911156176655968
"151","0",-0.162969285263357,-2.19832216802496
"152","0",-0.270972844695735,-1.22609755092771
"153","0",0.0209874809373274,0.15433871993434
"154","0",-0.0145923888843319,-0.128626762039026
"155","0",-0.365279321494363,-0.108386206964126
"156","0",-0.344866486639682,-0.270373014866325
"157","0",-0.368931265682353,-0.586235749147938
"158","0",-0.937951931467603,-3.17886309938522
"159","0",-1.49201247026166,0.0540430756932627
"160","0",-0.100042958342734,0.933551667911167
"161","0",-0.12610803532184,0.482770640321482
"162","0",-0.297232709954785,-1.62351766024295
"163","0",-1.60421603841461,-0.16074893405075
"164","0",-0.222845616119048,0.437845191547629
"165","0",0.378915837989449,1.50888911241246
"166","0",-0.179200899712966,-1.55205138378107
"167","0",-0.839391919012079,-0.435122668700585
"168","0",0.777263500085514,-1.78321167294309
"169","0",0.0608075031563458,1.8542269941543
"170","0",-0.458685532273011,0.392978904753958
"171","0",-0.11004324786133,0.0433060736711336
"172","0",-0.313914275204064,0.721515885201312
"173","0",0.999014077594991,-1.24335216408134
"174","0",0.481210327552387,1.07214142023108
"175","0",0.787101713003995,-1.41211956705232
"176","0",-0.733948984799257,0.0651560106918839
"177","0",0.0867789680114648,-0.65424801009816
"178","0",-0.0615722778644078,-1.29836485821539
"179","0",0.357980963184174,-2.13692932023862
"180","0",-0.309910776950114,-0.720253705933343
"181","0",-0.228331546849301,-0.371509480456847
"182","0",0.511558940505287,0.240446133750163
"183","0",0.25290323922976,2.41888614574121
"184","0",-0.690409943600244,0.725330946244804
"185","0",-0.744017868733716,-0.767577683191961
"186","0",-0.424134848748216,-0.764148887481399
"187","0",-0.561656973350887,-0.545366612637632
"188","0",0.311917619254985,1.52104673971703
"189","0",-0.0888340252351316,-0.346016080440958
"190","0",-0.414207592151566,0.869340421679772
"191","0",1.27237619604547,1.14402916810742
"192","0",0.872101764701735,0.601014817154705
"193","0",1.21381292364184,1.89028050054257
"194","0",-0.475085119047822,-0.549328267123987
"195","0",0.198278206960529,-0.918635121817976
"196","0",-0.121589207884058,1.44771805912965
"197","0",0.177053895490938,3.03422046778448
"198","0",0.267618118745626,0.355316782964908
"199","0",-0.922950301253556,1.49515678233229
"200","0",-0.650034044719002,-0.460636371699128
"201","0",-0.100336482786481,0.640920924328731
"202","0",0.0414283491700514,1.62757037394244
"203","0",0.0920344992431325,-1.8840393429965
"204","0",0.411060153601175,1.42469142830981
"205","0",-0.0979480114214758,0.146212961067776
"206","0",0.510167022893072,0.640422692816579
"207","0",-0.00396910597178164,0.461089506957312
"208","0",0.830309624634969,1.54633843207795
"209","0",-0.0567937904525512,0.3751730892958
"210","0",-0.0985224583692506,2.06252820683826
"211","0",0.308212913306899,-0.940645364674011
"212","0",-0.302710639257325,-1.20942983799422
"213","0",0.541252412638586,-0.184317059096965
"214","0",0.972148139526135,-0.611030477309263
"215","0",0.734935066200245,0.479122190668752
"216","0",0.493193467590833,0.550548474326208
"217","0",0.161014862112512,0.280225314117837
"218","0",-0.15885274768291,0.685630050250522
"219","0",0.110838105580482,-0.112821744971174
"220","0",0.546378048381218,0.14126071757391
"221","0",0.975381685518267,-0.308949917611743
"222","0",-0.138342148443872,-0.395005545630305
"223","0",0.452461757283737,0.765493219977323
"224","0",0.328279174301832,0.700581812331184
"225","0",0.012657868257285,-0.0858526013891005
"226","0",-0.618765123480209,0.524441479862369
"227","0",0.163373738239913,0.55224720228497
"228","0",-0.471658327559185,-0.477419500857694
"229","0",0.214300534902988,1.92485608917774
"230","0",-0.690740456022363,-0.391967605872071
"231","0",-1.05803447591181,0.341564970584636
"232","0",-0.539831064070942,0.310349439535999
"233","0",-0.0252805210798804,0.104715058730433
"234","0",-0.0763795609028619,-0.164743530840198
"235","0",0.437352770420373,-0.945690380037049
"236","0",0.263174297567485,1.2251109734515
"237","0",0.00975437523615007,-0.840709621487924
"238","0",0.511964506537024,0.723492486053472
"239","0",-0.152889897799037,-2.51721143031892
"240","0",-0.191975494964616,-0.719824381062859
"241","0",-0.0755221218240863,-0.99378708833366
"242","0",0.0878225288143808,1.28574032299107
"243","0",0.535067288589892,0.116210116067931
"244","0",-0.106509465477339,0.150058779631699
"245","0",0.443487590085352,-1.40711071988442
"246","0",-0.464656053224311,0.721863903768209
"247","0",-0.266730194466753,0.701234748154815
"248","0",-0.355352882907429,0.713104103382653
"249","0",-0.584992106393865,0.884069635446891
"250","0",0.209681903046695,0.956720435951354
"251","0",-0.667221262529864,1.16259059284244
"252","0",0.0449821038705514,-0.870546598473626
"253","0",-0.676278422718091,0.384843581052778
"254","0",-0.410486733519193,-1.04764214074685
"255","0",0.222475169998619,1.43146729202518
"256","0",0.570122354758753,0.444502907756845
"257","0",0.446949450520152,-0.366668314978957
"258","0",-0.272222529586049,-0.37054494711738
"259","0",0.958126783344247,-0.577569490083839
"260","0",-0.368804891735243,0.183513711979726
"261","0",-0.0192389657245114,1.93895383587408
"262","0",0.386902327065067,-0.61620393467531
"263","0",0.564445089495228,-0.719874409426153
"264","0",-0.399345080258179,-0.274610317865522
"265","0",0.267632721513429,-0.880587935547347
"266","0",-0.593117981716153,-1.07818038435851
"267","0",-0.110978986564059,-0.683606285512215
"268","0",-0.646963954752288,-1.32041997842329
"269","0",0.212576706740082,0.420748963275778
"270","0",0.229507994397119,-0.822968288445097
"271","0",-0.635381245483801,-1.01335256126439
"272","0",-0.162023069430226,-0.895488005887991
"273","0",0.584296193901177,0.917762368113359
"274","0",0.295227106178873,1.66594260596925
"275","0",0.0825968081986222,0.010427023552345
"276","0",-0.115658374906969,-0.166192647566125
"277","0",0.867422546695483,-0.454206976046771
"278","0",-0.0048009130499603,0.391974187709499
"279","0",-0.34360481164558,1.195905527058
"280","0",-0.561018028707879,0.048825053698858
"281","0",-0.0736597976272206,0.320825135993369
"282","0",0.64424603958589,0.830101370888478
"283","0",-0.280769843994473,-1.31376310507191
"284","0",0.461725959704963,-0.239710444191943
"285","0",0.324785114807454,-0.228116331893594
"286","0",-0.484725696551122,0.69400221452364
"287","0",-0.432800588181991,1.0011001535243
"288","0",-0.311717068719523,-2.28026882290081
"289","0",-0.292193139851237,0.00596273633901692
"290","0",-0.191596702586626,-0.308182031103787
"291","0",-0.0105652821421958,0.272945691001305
"292","0",0.682243449289806,0.682850428222326
"293","0",0.0013299810736471,-1.40513373542455
"294","0",-0.358414722911483,1.9771043800243
"295","0",-0.0851760889337302,-0.413391678622318
"296","0",0.493507991326868,-1.72644978971475
"297","0",0.358132889749619,-0.453932926869724
"298","0",0.065290996245938,-0.0751306334252152
"299","0",-0.112010196123831,-1.64986008885542
"300","0",0.246466841105239,-0.84683002247113
"301","0",-0.304334267472696,-1.43009752271775
"302","0",-0.721005703771327,-0.0194406201701814
"303","0",-0.405915862003121,1.19305651423263
"304","0",0.301515598599514,-0.426759789905918
"305","0",1.21943371717958,1.37048787482887
"306","0",-0.0899060948676974,-0.629375063230907
"307","0",0.767437783891575,1.83426439551106
"308","0",-0.102929959816686,0.225809376971261
"309","0",0.287226850350847,1.19952848070209
"310","0",0.158999020576704,-0.0531120962443481
"311","0",-0.522941542882639,-0.575643732839435
"312","0",0.343518447369312,0.279843310883205
"313","0",0.566023198580389,-1.27452374881974
"314","0",-0.265701771689224,0.17640563961875
"315","0",-0.132509839906053,-0.453720069983262
"316","0",-0.484197158369385,-2.45507241416052
"317","0",0.120681709055267,-1.34444105742881
"318","0",0.301689547876287,-1.15842685807226
"319","0",0.866018384385146,1.70910184063108
"320","0",0.419794365915122,0.764511003920558
"321","0",0.165708845390778,1.33071238668614
"322","0",0.0149574711776661,0.383839437411271
"323","0",-0.303185789203099,0.0182576406970275
"324","0",-0.975549859966622,-1.38502057285044
"325","0",-0.668275679438633,-1.26570598781732
"326","0",1.06136114719608,0.563144825311356
"327","0",-0.738435648934631,1.33617938823628
"328","0",0.335895085770004,-1.28701965266202
"329","0",0.221498535839206,-0.129186677571772
"330","0",-0.0867401743231196,-0.328300442642197
"331","0",0.45051114716543,-1.53499466226928
"332","0",-0.634352668316428,0.804420570246445
"333","0",0.126613428531608,-2.80082038398581
"334","0",-0.0586755356884512,-0.416863368367712
"335","0",0.607823920175582,-1.23392603744813
"336","0",-0.247085835896171,-2.28586275413628
"337","0",0.388258618416056,-0.154475996634526
"338","0",0.261214752297505,-0.614634182449159
"339","0",0.283213651201553,-0.187378442327058
"340","0",-0.937422262953945,2.08900976409915
"341","0",-0.221416859022832,-0.361143593545997
"342","0",-0.289024852724984,0.533379930343354
"343","0",0.448868098474031,0.195608265717352
"344","0",1.1035971931943,0.2009998778514
"345","0",-0.452459786087882,0.525574809046187
"346","0",0.451858308445946,-0.641557689248995
"347","0",-0.640078125463506,2.08903947418177
"348","0",-0.253628486391886,-0.207170130364251
"349","0",0.664241306923168,0.150776323146482
"350","0",-0.566787998020816,-0.429675270592668
"351","0",-0.400508879244685,0.983749414610455
"352","0",-0.122650681946633,1.13775176256811
"353","0",-0.614633343554107,0.0904560717504892
"354","0",-1.23288546741851,0.608724617437188
"355","0",0.201797319380435,1.24195576646463
"356","0",0.169204072074812,0.338202279340219
"357","0",0.486417285964842,1.36340430653144
"358","0",1.21187312626354,0.938465367620353
"359","0",-0.587512300837459,2.11044187987077
"360","0",-0.0374049003237585,-0.69889519578361
"361","0",0.427300179883902,0.828268837468157
"362","0",-0.42358227881224,-0.109089067131842
"363","0",0.632719979498109,-2.43423380044408
"364","0",0.967484269603891,-1.42316147909756
"365","0",-0.0306661360240122,-1.35500123399554
"366","0",-0.27595827581592,-0.0660719430751222
"367","0",-0.134534448368378,-0.201042923767508
"368","0",0.0125000769807316,0.335972801321336
"369","0",0.137055162345121,-0.624994409808213
"370","0",-0.462720602587275,-1.43694482345082
"371","0",0.0407097794016933,1.05487093421103
"372","0",-0.248120065663919,-0.181753441532983
"373","0",-0.104380669204143,-0.0881473072329298
"374","0",-0.955842457163974,0.393076928026176
"375","0",0.523451169078249,-1.49911076359321
"376","0",-0.0221456765622665,-0.192658045114182
"377","0",-0.0702874934041631,0.486627331810157
"378","0",-0.0505765900215528,-0.486919728214157
"379","0",0.056095831809154,0.937424582224279
"380","0",0.129865200845302,1.10200293003136
"381","0",1.19781023285623,-1.29319946374459
"382","0",0.422619543464739,-1.33816239233147
"383","0",-0.643822731241764,0.746559979175374
"384","0",-0.636691279504249,-1.06827691916107
"385","0",0.0181635009552482,0.557822686167944
"386","0",0.0781035109324365,0.268838820390758
"387","0",-0.887376188529403,-0.130443063366989
"388","0",-0.126642215324903,0.0190754820372274
"389","0",-0.0473215875204941,0.93224456795872
"390","0",-0.491041165340924,-2.02930968036032
"391","0",-0.341893004756354,-1.94101515267283
"392","0",0.766496135075607,-0.08487406909462
"393","0",0.80417112307501,-0.665484555583034
"394","0",-1.24501577353849,-1.35811383479508
"395","0",-0.620418745372213,1.44020906097125
"396","0",-1.09788546887958,-0.197603049810487
"397","0",0.844597812421127,-0.00216695910521221
"398","0",-0.497848017462598,1.38137134051956
"399","0",-0.525894892691193,1.23349306524563
"400","0",0.532993803289554,-0.788750607843173
"401","0",-0.976309055167302,0.520168808210775
"402","0",-0.194540741209446,1.81346322086033
"403","0",1.48281135334942,0.34140860471441
"404","0",-0.612217263564317,2.88377886206408
"405","0",0.556699470182281,-0.193131709749853
"406","0",0.458401970754443,-0.40724820310442
"407","0",0.62127518548956,0.380937605790001
"408","0",-0.227436944852778,1.40525196099035
"409","0",0.314618334473539,1.91582541499985
"410","0",0.550508619538141,0.648538711955039
"411","0",-0.173680038186754,-0.814664912078288
"412","0",-0.560970904864972,-0.461156575434159
"413","0",-0.803508794554794,0.539394222810745
"414","0",0.551690220489276,0.444583082152832
"415","0",0.347965686465779,0.389409087453245
"416","0",0.42313642696906,-1.55299846596068
"417","0",0.626586462616902,-1.42784503120128
"418","0",-0.201754349791309,0.22336992082456
"419","0",-0.257808050277658,0.614069619279412
"420","0",-0.444524340997336,-0.806251417320065
"421","0",-0.599996412057126,-0.0842101556375526
"422","0",0.482654409160403,0.97693160158591
"423","0",-1.3839467721595,-1.2324409511546
"424","0",0.617918508376203,1.06559788925883
"425","0",-0.0295710304663072,-0.912751423807789
"426","0",-1.23232483488103,1.47971358546612
"427","0",0.477932193097743,-0.142083268772775
"428","0",0.0121075454722775,0.974266568277245
"429","0",-0.713054187059669,0.480257266811356
"430","0",-0.365450537568284,1.33421356773911
"431","0",0.608993565771784,0.165484370938142
"432","0",-1.11035880870934,-2.7143590279381
"433","0",0.69511186602398,-1.012429944737
"434","0",0.262840794177708,0.2098722569655
"435","0",0.169441237587078,0.124478836156538
"436","0",-0.39586890492214,-0.241056230697806
"437","0",0.517879716959112,0.81130520316264
"438","0",0.403932256857104,0.483403317331397
"439","0",0.507875316005027,0.338875264313561
"440","0",0.774421603242271,0.269314715091635
"441","0",0.143792264806011,0.312365234791111
"442","0",0.755423496942007,0.490341076770465
"443","0",-0.0109189894554629,0.305180135250144
"444","0",-0.457980494883825,-1.04713611628277
"445","0",-0.485821448102523,-0.897748308669286
"446","0",0.171611844287188,1.19443383656182
"447","0",-0.0992255310261674,1.02721629520105
"448","0",-0.305090088612602,-0.935875456245488
"449","0",0.911063314921263,1.5959580706161
"450","0",-0.418255380467039,-1.43034793522336
"451","0",-0.516309303197512,-0.576407371112508
"452","0",0.0234963322482332,-1.0055197414809
"453","0",-0.442326404203184,-0.303507062147184
"454","0",0.126470020079093,0.0255971091303189
"455","0",-0.00690944427291172,1.5091346444561
"456","0",-0.213131099299244,-0.780110404702287
"457","0",-0.0482692308722225,0.807342848733735
"458","0",0.315577603109974,1.4076985968811
"459","0",-0.941035335019457,-0.294619156360783
"460","0",0.888915384686273,0.880488033955637
"461","0",-0.703473052530271,-0.320797649933114
"462","0",0.978412540131523,0.142618435997479
"463","0",-0.260708528551329,-0.930056622076807
"464","0",1.16189601097097,-0.905643001238682
"465","0",0.193134560491725,-0.806325977674094
"466","0",-0.147933686040227,0.342718798655496
"467","0",-0.236309017132647,0.477580524724236
"468","0",-0.519214478173539,-0.497690910803953
"469","0",0.458608607649125,0.88658556654685
"470","0",-0.278682672706712,-0.761680725973816
"471","0",0.181896073056293,-0.709711003648996
"472","0",0.0624342558587297,-0.771788060708881
"473","0",0.184344564239417,1.1057880679484
"474","0",-0.623935727235976,2.41212974183597
"475","0",-0.395178186705041,0.699660453562762
"476","0",-0.809055091847844,-0.541975750606443
"477","0",-0.189192999339803,0.487584117048721
"478","0",-1.314841396178,-0.192056256549474
"479","0",-0.723690862544071,0.23424336458304
"480","0",1.08997582518169,1.57679756676782
"481","0",0.248305945333901,0.356134485815804
"482","0",0.141201314439329,2.19830255558479
"483","0",-0.0707642765530716,0.541922266634137
"484","0",0.102452235468181,-0.88382890857447
"485","0",-1.43100498498174,-0.165511709128243
"486","0",0.212229103213069,0.330522064096879
"487","0",0.229912897350514,0.200906262054849
"488","0",0.523238457535037,0.495761657718266
"489","0",-0.642466314133819,-0.481776983374621
"490","0",-0.0879172143660447,-1.83691171475833
"491","0",0.048232517156352,-1.93640319892992
"492","0",-0.152596264958058,-0.0811086881702575
"493","0",0.0303157778282463,-0.524907309456218
"494","0",-1.07896981915284,-1.18488669482303
"495","0",-0.591814024072263,0.186600129726395
"496","0",0.42982682540868,-0.290004735862355
"497","0",0.79178332015599,-0.838433191185513
"498","0",-0.170111752298015,-0.927379078489615
"499","0",0.193160798709401,0.171049809020881
"500","0",0.383341274121886,-1.41096818865774
"501","0",-0.0710965403970776,0.224560560333106
"502","0",-0.182935109729108,0.481072575391086
"503","0",-1.0040938997763,1.76910867022578
"504","0",0.546246407700328,-1.48933668957719
"505","0",0.353663633974853,1.66110106132031
"506","0",-0.395854751913763,1.57837989971674
"507","0",-0.393076726678268,0.809842293399854
"508","0",0.541826973674871,1.70143639723329
"509","0",0.202512463846229,-0.61734846950002
"510","0",0.439384276246656,0.656819784176213
"511","0",-0.228081865686011,0.781195154459597
"512","0",0.199820241105021,-1.29474041921614
"513","0",-0.0703193014788032,0.114431247114974
"514","0",0.197636895262928,0.241550572739478
"515","0",0.788009935954058,-0.431061013684937
"516","0",0.155554863270195,-0.170577971301298
"517","0",-0.798940250614258,1.3949996511063
"518","0",-0.498803096319473,-1.14318738532729
"519","0",-0.460631746638003,1.08580968149914
"520","0",-0.322879390184012,0.435275386628255
"521","0",-0.80822566046173,-0.194847549846106
"522","0",0.053748728916294,0.140207982847704
"523","0",0.443514369272582,-0.65077481144448
"524","0",-0.844023029856354,0.854540813334586
"525","0",-0.52867260480898,-0.55984128328036
"526","0",-0.0583430228862968,0.804452913248448
"527","0",-1.02261816590034,1.96290341621144
"528","0",-1.12532020549458,-0.558555039913567
"529","0",-0.0609946399290391,-1.42125448739857
"530","0",-0.359498835913555,0.542016916907101
"531","0",0.322776747536536,-1.43430393649546
"532","0",-0.43434398746736,0.729692945057703
"533","0",-0.355237031122941,-1.18818234068495
"534","0",0.824057504997472,-0.487442225863853
"535","0",0.920429332750476,-1.86087921669972
"536","0",0.526816533426811,-0.506224973565642
"537","0",-0.088920241980663,0.447571934045383
"538","0",-0.517954091153796,-0.158768645885113
"539","0",0.23106671285713,-0.0884288424474615
"540","0",0.22149948204389,-0.988337007539814
"541","0",0.334723446897584,1.09492131166228
"542","0",0.146819058095433,-0.878708869620765
"543","0",0.120009154310384,1.41741794180888
"544","0",0.559472462849027,-1.52782416795551
"545","0",0.305738450282961,1.41820367094331
"546","0",0.365260858764162,-0.800504091672167
"547","0",-0.14424059383448,0.244269023377887
"548","0",0.0182203933082659,0.0332033067762622
"549","0",0.681424922407435,-0.572464803500017
"550","0",0.104660919196407,0.796399808027923
"551","0",0.112450127765033,-0.976501558584406
"552","0",-0.0533689440251257,0.0923678001994956
"553","0",-1.19776217436386,0.0741416029196374
"554","0",0.552135952986463,-1.07870793241781
"555","0",0.236032979004742,-0.342160613000453
"556","0",-0.326329545828169,1.25040235089699
"557","0",0.420820912378029,0.359845945708909
"558","0",0.198222865568322,0.491950457678054
"559","0",0.335401499789341,-1.195063314432
"560","0",-0.418201286201657,0.00307640979044844
"561","0",0.502978140518642,0.292222498735577
"562","0",-0.256463658204942,1.46506389236967
"563","0",0.343758491244022,-1.0202996022835
"564","0",-0.0346703375928688,1.87567979151089
"565","0",0.0328035207591675,-0.904814827323195
"566","0",-0.88030070053403,-0.553190946365967
"567","0",-0.345517041778643,0.131914030194838
"568","0",0.565639902401802,0.332393790767325
"569","0",-0.166216040460682,-1.29608633672303
"570","0",0.492800519277874,1.76725921991487
"571","0",0.0771965550839235,-0.945683341301884
"572","0",-0.0711659432105724,-0.369311193130117
"573","0",-0.00993995735956556,0.797158910283885
"574","0",-0.154109168324337,-0.368393257185309
"575","0",0.139830346115282,-0.590835742520987
"576","0",0.10881327388795,0.711369031663081
"577","0",-0.261976515825221,0.229621296317947
"578","0",0.0722895579702276,-0.728239562406755
"579","0",0.638996561422129,1.40450396491775
"580","0",-0.322710780427965,1.51774391934563
"581","0",-0.163758823769473,0.77306913436391
"582","0",-0.207886195265708,1.7612773153516
"583","0",0.305757979199867,1.22452398368769
"584","0",0.0727362036681113,-1.82566077213999
"585","0",-0.0802250270370127,-1.26038642094409
"586","0",-0.37759327763743,0.0520797737213773
"587","0",0.0963900813693647,-0.189315877690675
"588","0",-0.044071736591463,-1.39066540700417
"589","0",-0.239190506171614,-1.14691591337255
"590","0",-0.269847655780207,1.60019067467598
"591","0",-0.18301375300071,-0.638698522786055
"592","0",-0.42840050717392,0.383939433994903
"593","0",-0.132202648259935,-1.39488534114937
"594","0",0.455993970478019,-0.484284777299879
"595","0",0.0478917760602565,-0.325384115843411
"596","0",-0.0423680913079829,-0.670500211804234
"597","0",-0.298322298895595,-2.32386237714485
"598","0",0.385224063276934,1.1039058529337
"599","0",-0.626502298566196,-1.80862564144738
"600","0",-1.13351280919384,0.414067128010986
"601","0",-0.505497883761105,0.291896684563885
"602","0",0.00350323814290961,-1.00378347653042
"603","0",0.59351202000862,-0.678791926110027
"604","0",-0.827279822754774,1.71016072873181
"605","0",-0.101167883089392,-2.21165710346658
"606","0",-1.20318632323288,0.850065927797212
"607","0",-0.748160896324893,-0.280168257304923
"608","0",0.799312229171882,0.146202943050817
"609","0",1.10019969995126,0.777343545009272
"610","0",-0.349363226581859,-0.276634828608228
"611","0",0.695661694676089,1.60915329004228
"612","0",-0.173281306270637,-0.0570479348440255
"613","0",0.378799966647656,-1.10904918597277
"614","0",0.519476876748398,0.0248036055987163
"615","0",-0.401248894866876,-1.36053364677366
"616","0",-0.0415218137645186,-0.355723787948168
"617","0",0.634318475347801,1.70042641641708
"618","0",-0.126679782390485,1.62970303144361
"619","0",-0.158310317137738,0.00972731197756873
"620","0",-0.0752625452357625,1.03260373457395
"621","0",-0.35520750039365,0.0727341517051257
"622","0",-0.0192554927013831,0.660998231703942
"623","0",0.662461512504262,0.328596737020922
"624","0",0.273280660755513,0.672258856127205
"625","0",0.72453718744015,-0.249465826386478
"626","0",-0.355618663497471,-1.58405699719954
"627","0",-0.0368059956924192,-1.8049277784078
"628","0",0.352129368335405,0.205467548924491
"629","0",0.0484250124116304,-0.252090053748536
"630","0",0.577987606287131,0.273714566127641
"631","0",-0.105359803783044,-0.513270637859985
"632","0",-0.0318042352518433,0.11188797728902
"633","0",-0.0776989126634091,-1.42911467584963
"634","0",0.0875460770931385,0.567567294492361
"635","0",0.457071688107961,1.06012942277283
"636","0",-0.767447918223063,-1.99628268237934
"637","0",0.558158862301709,-1.77200263093615
"638","0",0.193744212434482,-2.24519447759482
"639","0",0.998799737929077,-2.1613967375404
"640","0",1.05853465216617,-0.44795970672594
"641","0",0.187255922321423,0.0591876836855418
"642","0",-0.999679426092129,2.08856114235037
"643","0",0.636186352315845,-0.044972130563939
"644","0",-0.4198159669784,-0.445975531217392
"645","0",1.33011825763771,-0.784375207994997
"646","0",-0.477862503531033,1.2949130269035
"647","0",-0.521970828823235,-0.574007904105832
"648","0",0.107336433507976,0.946948970913332
"649","0",-0.231947625094814,-0.332814496664041
"650","0",-0.104236211118081,-2.03986263067788
"651","0",0.479006042044144,-1.72289167933991
"652","0",0.333632647964185,0.726061298217793
"653","0",0.0851422168117504,-0.427247283777794
"654","0",-0.125864556524787,0.294391045337013
"655","0",0.795921449841967,-1.75666127724606
"656","0",1.41373525465122,0.300414706752451
"657","0",0.897815043649364,-0.659298312414409
"658","0",-0.409477294208414,-0.725541364059012
"659","0",0.444570688906108,-0.916566634545016
"660","0",-0.468175951838426,0.181247944989737
"661","0",0.0122420167062621,1.13750012305093
"662","0",0.674633733552361,1.88246539056448
"663","0",-1.04233884258811,0.663296997750557
"664","0",1.53437585661144,0.0542709052847642
"665","0",0.131747350236178,1.11912500126994
"666","0",-0.650767190961956,-0.68616451477573
"667","0",-0.0513913513408543,0.671953807796402
"668","0",0.436552533819081,-1.10943180309309
"669","0",-0.173253431790966,-0.343150784370761
"670","0",-0.423544692669634,-0.440539784082547
"671","0",-0.720926198115157,-1.72370328167596
"672","0",-0.659216599905286,-1.29569138762587
"673","0",0.438808960416352,0.126335835369089
"674","0",-0.0998910812857243,-1.18640938508905
"675","0",-0.320765891478983,2.5537040189271
"676","0",0.320222371654103,-0.201242951697195
"677","0",-0.434755422603887,0.897314820458957
"678","0",-0.50400941710194,-1.69881788925312
"679","0",0.352711134150453,0.382807560034959
"680","0",-0.118315321491399,-0.577675543479989
"681","0",0.306794712479821,0.426511636367788
"682","0",-0.481323032332035,-0.683354811318603
"683","0",0.491393725145321,0.254807964710966
"684","0",-0.797682613704021,-0.725744072141735
"685","0",0.393907768229124,1.2566507969138
"686","0",0.598688391589853,0.359367883018393
"687","0",0.559661084089634,-1.93187099383464
"688","0",-0.431330367050334,-0.650736447112212
"689","0",-1.25299659010644,1.66170518207804
"690","0",0.0598722551935239,0.063770421846483
"691","0",0.741641380727205,1.50773735593037
"692","0",0.423787569011603,1.25887958699499
"693","0",1.01749729723908,0.40940527211898
"694","0",0.425577552717654,-0.516992625429765
"695","0",0.212052789558236,-0.272018339287025
"696","0",-0.169720732965947,0.785749497650889
"697","0",0.121070764350771,-0.199132361162764
"698","0",0.184716238895952,-0.317399675760908
"699","0",0.439274997546969,-0.00941495797620223
"700","0",-0.0298367188129048,-0.810242254024385
"701","0",0.260340980248551,-2.56159437229081
"702","0",-1.02667821264738,-0.506591115253057
"703","0",0.558254334273618,0.871351276055044
"704","0",-0.342489612287828,-0.538335806846907
"705","0",-0.224554517002748,0.772983799253203
"706","0",0.441563166862619,1.20537243959462
"707","0",-0.759246943413673,0.0690448580476068
"708","0",-0.737381575509222,1.04555511624907
"709","0",0.404341494919872,0.949147816176299
"710","0",-0.0197507646213326,-0.305985150516872
"711","0",0.311757251227331,-1.24915267746609
"712","0",-0.043841849616813,-1.24629028352425
"713","0",0.302129950972122,-0.278016453629163
"714","0",0.167887203933104,-0.600885307236785
"715","0",0.455861790101935,-0.0860354948587148
"716","0",0.0281465943871744,1.35419551603978
"717","0",-0.337639926330224,-0.439397258829925
"718","0",0.309102703054991,0.235254098431256
"719","0",-0.53036988233602,-0.721615433361312
"720","0",-0.199927761684792,0.352057702784675
"721","0",-0.681918481206961,-1.96792775631116
"722","0",0.858535284503198,-1.39753700895675
"723","0",0.325061025181887,2.58495661320481
"724","0",0.271573316726204,-1.28547765479996
"725","0",-0.475495032837195,2.08914274441073
"726","0",0.843265310011631,0.211190115229466
"727","0",-0.39535528059882,-0.885677632888137
"728","0",0.130846473859335,-1.62793661268765
"729","0",-0.557520481663148,-1.34592711431084
"730","0",-0.3254338850977,0.603338215611861
"731","0",-0.240652615522607,-0.678981929146692
"732","0",-0.19139155764592,1.43614558048611
"733","0",0.760095816077992,0.479570086147228
"734","0",-0.249573534217828,-0.98126633917943
"735","0",-0.175427702699656,0.388505220206783
"736","0",-0.0998125022598893,-1.28709831704418
"737","0",-0.00738679361271785,-0.947297087470757
"738","0",0.066971020452933,0.418506406131629
"739","0",-0.492503241684545,-0.508033714332462
"740","0",-0.49027660786003,-2.35025018969788
"741","0",0.754318648258781,-0.369425009415296
"742","0",-0.57738232843176,-0.071356449639108
"743","0",-0.132843909692398,-1.37660363485078
"744","0",0.290175539943106,1.14236424230189
"745","0",-0.707050929705486,0.666727740752802
"746","0",-0.193068291081647,-0.935322838989402
"747","0",-0.146871934259472,0.0838938804057701
"748","0",0.662910304957424,0.81111871483677
"749","0",-0.0771428495623109,-1.65233220576485
"750","0",0.56738400858041,-0.748652719053541
"751","0",-0.329933942840724,0.64089995714849
"752","0",0.220343276739027,1.77332225882419
"753","0",-0.437273090369232,2.05913357626204
"754","0",-0.751208712931642,-2.46299918161853
"755","0",-0.104938187633716,0.551040439295601
"756","0",-0.435272652768295,0.624045858094765
"757","0",0.080069979476171,-0.759096874208822
"758","0",-0.482790672496415,0.404501791409102
"759","0",-0.838509827534053,0.646195981476509
"760","0",0.771849486866946,-1.05360081064306
"761","0",0.145609688906641,-0.440828163250657
"762","0",0.176781403549801,0.599059586223769
"763","0",0.244410906033073,1.20595163397238
"764","0",0.048726174272215,2.01095683935182
"765","0",0.00560177795165706,-0.473727640901442
"766","0",0.516952417625608,-0.984498347799479
"767","0",0.969873610370259,0.483553245180061
"768","0",-1.13443745218361,-0.050249051225924
"769","0",-0.59123735742474,0.572258152567895
"770","0",-0.55417023423423,1.60281115393404
"771","0",0.34437963249805,-0.403167836951907
"772","0",0.0284376625826728,-0.656448502393931
"773","0",0.0254319425815553,1.72872442825916
"774","0",-0.000683454373514917,0.737763811895706
"775","0",-0.130629159353113,0.164226248477711
"776","0",-0.356957151686581,-2.25899779295351
"777","0",-0.039816573770441,-0.0390310781482814
"778","0",0.270221173104562,-0.540818790046752
"779","0",0.0367980353594778,-0.637803899785621
"780","0",-0.292429895742494,0.391578528066415
"781","0",-1.41874837570937,2.09685847512708
"782","0",-0.666991367255934,-0.597485118850493
"783","0",-0.191512775673467,-1.59674074033533
"784","0",0.379217854541671,0.396547810880425
"785","0",-0.648912277452799,0.327393136246835
"786","0",-0.869151202492241,-2.50894579792507
"787","0",-0.0261522939629977,-0.206652894506971
"788","0",0.46770267646937,-0.985789213502516
"789","0",0.456283369662902,-0.601493842845511
"790","0",1.40958666760446,-0.83605742800119
"791","0",0.771336153966304,-0.558717441794988
"792","0",-0.376638900236296,-0.443948257387176
"793","0",0.397889467093139,0.551182816712305
"794","0",0.56557787938726,1.28821415579232
"795","0",-0.0277529272066841,1.55913247558377
"796","0",0.892556440048842,-1.78654011443648
"797","0",-0.350093886134103,0.808786225113593
"798","0",-0.122396225347239,1.69177303568406
"799","0",0.715324079231329,-1.56810579384378
"800","0",-0.224197729025454,-0.672578353712873
"801","0",0.172551793650129,-0.992090655259932
"802","0",-1.02541291779711,0.0474387605812578
"803","0",0.421111276787817,-2.28469858528181
"804","0",0.732428362504695,-1.16909465481689
"805","0",0.75475655360056,-0.60734656367943
"806","0",0.0986270817221352,1.13239221340201
"807","0",-0.868748177680555,0.879226990186053
"808","0",-0.641685579846166,-1.26344975194512
"809","0",0.700821043983352,0.540198660999266
"810","0",0.324759036108903,0.863485722700794
"811","0",0.925003691330887,0.455353771649021
"812","0",0.352128450928605,-1.38143446241242
"813","0",-0.187758244941509,0.027160599811267
"814","0",-0.0731760486411137,0.255894101051363
"815","0",0.41042779834328,-0.385754807729933
"816","0",-0.176017584998512,0.452870870581156
"817","0",-0.395512527496691,-0.545439940532718
"818","0",-1.26674697238329,-1.53846691570891
"819","0",0.364679444175975,-0.596976862821609
"820","0",-0.176440307885104,-0.113739528215838
"821","0",0.724283096730089,-0.89659459793653
"822","0",-0.374311977604125,-1.43605807918095
"823","0",-0.936588683159346,-1.20901433923503
"824","0",-0.0878120282546306,0.963848237393392
"825","0",-0.202462995781051,-0.387491793707453
"826","0",-0.18464818707873,1.19597768964498
"827","0",-0.129504577047728,1.03521616682871
"828","0",-0.244384296173649,-1.8038261760983
"829","0",-0.252209884580978,0.246195512412832
"830","0",0.175458968542508,1.30507766979322
"831","0",0.19728493289342,-0.574800522101064
"832","0",-0.430428481213408,1.05227659125701
"833","0",-0.0430276031218196,0.0219460204288015
"834","0",0.549604074327242,0.75668891189241
"835","0",0.16698359598387,-0.885334516020988
"836","0",0.127512194516367,-0.825935228310465
"837","0",1.25090567325768,-0.0308817784540796
"838","0",-0.035227127204654,-0.160763256026767
"839","0",-0.61186980274875,-0.183067764516935
"840","0",-0.255718130100332,0.826242372584143
"841","0",-0.458599426656372,-0.098367030357115
"842","0",0.311740562964713,-0.328356169820891
"843","0",-0.112585976216053,2.12896918781702
"844","0",0.154960905068207,-0.031585886354997
"845","0",-0.843244327089565,0.241736108698029
"846","0",-0.0363377550560367,2.82929157550253
"847","0",0.655999622491256,1.53031398797183
"848","0",-0.708267085231475,1.29174867785148
"849","0",0.432647588545157,-1.82220805348518
"850","0",-0.662596649235316,0.025059505107996
"851","0",0.126895335313189,-0.430461806591674
"852","0",-0.57059313571825,1.06207308781764
"853","0",-0.142662387839048,-0.840667488434152
"854","0",0.510898999532126,1.42273143568644
"855","0",-0.504424572126813,-0.50120369498011
"856","0",-0.451060213776101,-1.84583556960355
"857","0",0.312654254116756,-1.68224108911205
"858","0",0.401072524892864,2.47110024542412
"859","0",0.322762101820787,-0.0551432488770348
"860","0",-0.897231398839294,0.239766403319726
"861","0",0.386431816499355,1.02542249791727
"862","0",-0.292148543213757,-1.37493475344636
"863","0",0.262111671132105,-0.750283497075836
"864","0",-0.0528055908611129,-0.359658106741165
"865","0",0.371796558138673,-0.128244826863985
"866","0",0.331150271227416,0.363776336784128
"867","0",0.471007663879366,-0.819790069724609
"868","0",-0.239269227996154,-1.60128325347614
"869","0",0.911208306358508,0.354905228829094
"870","0",-0.631561016696601,0.927196902528363
"871","0",1.17613146412708,1.96707267796557
"872","0",-0.387120128035864,-1.51117597810804
"873","0",-0.0457162371201511,-1.59128896239834
"874","0",-0.0168476760879449,0.838114550801563
"875","0",-0.629011268555963,-0.249421365758366
"876","0",-1.10444411561772,1.40354203670038
"877","0",0.0789088035188169,1.43291344744442
"878","0",0.0534924378252403,0.348226084625928
"879","0",0.20968557716948,1.11113701223252
"880","0",0.922109875147157,0.585684751129922
"881","0",0.0631374730611183,-0.218484753624657
"882","0",-0.152112081977512,0.373419770397962
"883","0",0.0866319523927414,-0.116988886116515
"884","0",1.05985611771563,-0.293212749500996
"885","0",-0.869409237765426,-0.667240219744966
"886","0",0.0163220886568177,-0.684072516681518
"887","0",0.059027937051503,0.471626386952109
"888","0",-0.455505165509048,-1.08007369744271
"889","0",0.708343077809197,-0.446355758568365
"890","0",0.336109122118536,-0.266165543138663
"891","0",-0.232343755424828,1.11021856999056
"892","0",-0.649118046777547,-2.13793843525451
"893","0",-0.157257118682375,-1.40039904357162
"894","0",-0.375986780906465,0.114583738521068
"895","0",0.329084034468016,0.387027478863826
"896","0",0.0786418299888458,-1.29744354011725
"897","0",-0.169647193857997,0.931941325166253
"898","0",-0.997536151409406,-0.250558555137253
"899","0",0.0804521517216058,-0.352550331264595
"900","0",0.745559008285051,1.22812118479676
"901","0",0.499134913951234,1.20089778915226
"902","0",0.128623479095802,-1.00937744203355
"903","0",-0.155481999659445,-0.787535562974511
"904","0",0.406050896966591,0.131870785837161
"905","0",-0.125738105971943,2.17836145985425
"906","0",-0.296623308962843,-0.952432136475922
"907","0",0.228104065243629,-0.563190732973796
"908","0",0.569630420575467,-1.52139882370437
"909","0",0.87226140835808,-1.5598546660591
"910","0",0.124196229613358,0.701746158614448
"911","0",0.634324607479324,0.833986930247197
"912","0",-0.276794815605143,1.60111165154102
"913","0",-0.448711282774082,0.322146467632486
"914","0",-0.191774250004076,0.190091619170618
"915","0",0.0248093474462132,-0.936911336013851
"916","0",0.392941515934048,1.89440955637616
"917","0",0.0876732176747603,-0.673005398556852
"918","0",0.343927330900032,-0.360759107246025
"919","0",0.285638975736823,0.711320940870621
"920","0",0.316972417213337,-1.16506311026969
"921","0",0.466228150243077,0.86564083303296
"922","0",-0.594091315065963,-0.371408636264937
"923","0",0.617835314672532,1.98939108942165
"924","0",0.133645327656495,-0.481708992151388
"925","0",0.409929639461998,0.793422423947435
"926","0",0.0882640364625197,0.297938283708341
"927","0",0.167487551012524,-0.754589610244808
"928","0",-1.04462159945794,0.581229347951901
"929","0",0.130522865761916,-1.33148317847827
"930","0",-1.04996650233209,-0.807308155235226
"931","0",0.765266341994887,0.0218440382401954
"932","0",0.781479859067157,0.327945810250512
"933","0",0.641701348296121,-1.13294950292681
"934","0",0.524584133492666,-1.07980746482802
"935","0",-0.550747191592579,-1.4643615861747
"936","0",0.531642527057112,0.349677926767464
"937","0",0.380211945755923,-0.480019449105642
"938","0",0.516654997463281,-0.780550002211212
"939","0",-0.0958815001107205,0.0783948378765745
"940","0",-0.729224066739719,1.89072255654158
"941","0",-0.668314050226735,-0.194827897942774
"942","0",-0.653986712931787,-1.59328715925056
"943","0",-0.7688498518788,-1.01815154809625
"944","0",0.980747370071837,-1.42417431421706
"945","0",-0.732012101802459,2.11912799653374
"946","0",-0.138430916374814,0.42738714491722
"947","0",0.498329456208177,-0.603100573683223
"948","0",0.39040392981301,1.11358742425082
"949","0",-0.17405950336951,0.233355476858327
"950","0",-0.0440701772316461,0.116545751165155
"951","0",-0.848733978365673,-1.52870554569185
"952","0",-0.857786879101239,-1.88365663692556
"953","0",-0.911937643106454,-0.0463402217346742
"954","0",-0.167738569599705,-0.58857715887889
"955","0",-0.287422495182366,-0.393884390187874
"956","0",0.766442316477267,0.296110225259522
"957","0",0.617042990104327,-0.575782169773018
"958","0",-0.453577422381388,-1.51504995935064
"959","0",-0.624241283300178,-0.254677518624397
"960","0",0.403507658489273,0.683502737558134
"961","0",-0.611603478769111,2.10338408078552
"962","0",0.409780641435804,1.2012421242485
"963","0",0.419826129519622,-0.326412486861481
"964","0",-0.577449785111107,-0.37431825476951
"965","0",-0.409716063298983,-1.64344055771574
"966","0",-0.15566107721833,2.20766710705893
"967","0",0.322183894419232,-1.48511867995818
"968","0",0.14964024302065,-0.590428998087742
"969","0",0.503197258872477,-1.34765898436446
"970","0",-0.140051394936206,-0.524366251211557
"971","0",0.540652886172321,-0.73820130434945
"972","0",-0.217429041110167,0.200463853004353
"973","0",-0.350718673976669,-0.785006849165787
"974","0",-0.477968560642713,0.830819690537463
"975","0",1.32913262707867,7.08149781618406e-05
"976","0",-0.101403903123791,-0.363569058359477
"977","0",0.00510004703214266,-0.717021149980882
"978","0",-0.634798577274251,-0.155154270502226
"979","0",1.09769690602084,1.21208089172198
"980","0",-0.361947414913655,0.423442696983271
"981","1",-0.778729621274655,-3.01602144722906
"982","1",1.26287804907359,-2.24202381438382
"983","1",-2.0371523992936,-1.12730284387127
"984","1",-2.78970734325979,-1.4978239337525
"985","1",1.9885938830186,-1.10791071567277
"986","1",-2.15551101372901,-1.5365994935346
"987","1",-2.14978840637664,-1.70876423147818
"988","1",-1.42715774059365,-1.41540544363305
"989","1",-2.16396761528074,-0.152260398484499
"990","1",-3.73467961312321,-1.39500792485819
"991","1",-1.01872378836542,-1.93203990238717
"992","1",-1.89194934004238,-1.04047081032032
"993","1",-1.49992170884596,-2.67511187649473
"994","1",-0.74170799973588,-1.97357133426702
"995","1",-1.10639451615817,-2.65877384412731
"996","1",-2.29638537492131,-0.505278602988273
"997","1",1.02248627688092,-1.80227889462698
"998","1",-1.54986643224108,-2.89939345533398
"999","1",1.96191653123649,-1.9209845181516
"1000","1",1.73379670008928,-1.6672701183339
